"Metric","cnn","naive","lstm","xgboost","sce"
"diff_of_means",18.0254563189487,18.192792949342,18.7069670549997,28.6203960419925,"mri_esm2_0_ssp434"
"ratio_of_sd",0.778358081330615,0.734317361949379,0.73277940964699,0.728296147293264,"mri_esm2_0_ssp434"
"amplitude_ratio_of_means",0.500571559557195,0.465162949213222,0.499913873438725,0.427150280957112,"mri_esm2_0_ssp434"
"maximum_error",0.412051125989044,0.276019476567255,0.325015216068168,0.251978088861838,"mri_esm2_0_ssp434"
"ks_mean_on_coarse_res_with_extremes",0.255049924666104,0.472675942730387,0.254575833523202,0.408674968942212,"mri_esm2_0_ssp434"
"rainy_hours_ratio_of_means",1.14239979510821,0.978501700120656,1.01225462385113,1.19169115682608,"mri_esm2_0_ssp434"
"qqplot_mae",0.0489903252629144,0.0358014560072633,0.042857226782365,0.0395467753611753,"mri_esm2_0_ssp434"
"acf_mae",0.088439957688794,0.1529276527988,0.111162829325446,0.109249987435004,"mri_esm2_0_ssp434"
"extremogram_mae",0.0845484643561566,0.134509721048183,0.0779444914060299,0.10554909833756,"mri_esm2_0_ssp434"
