"Metric","naive","cnn","lstm","xgboost","sce"
"diff_of_means",6.05617222765064,7.43662402755358,7.75959154143112,17.3145318886473,"mri_esm2_0_ssp370"
"ratio_of_sd",0.78739495616931,0.824030072525407,0.79002473938568,0.78391681047172,"mri_esm2_0_ssp370"
"amplitude_ratio_of_means",0.51062073284755,0.574193512771282,0.562345733046701,0.487243218341229,"mri_esm2_0_ssp370"
"maximum_error",0.275106512477176,0.389531345100426,0.318928788800974,0.240413877054169,"mri_esm2_0_ssp370"
"ks_mean_on_coarse_res_with_extremes",0.56521147830817,0.313586830512403,0.269230769230767,0.460722252366307,"mri_esm2_0_ssp370"
"rainy_hours_ratio_of_means",0.874222156891568,1.00546632854325,0.916148908857511,1.06031972425269,"mri_esm2_0_ssp370"
"qqplot_mae",0.0292153645376864,0.0347491338072291,0.0330224058660866,0.0245139665331979,"mri_esm2_0_ssp370"
"acf_mae",0.154349152612863,0.081932902740722,0.103472235858817,0.10798308369696,"mri_esm2_0_ssp370"
"extremogram_mae",0.106385601577909,0.0559400535362074,0.0484291349675965,0.0781294026486334,"mri_esm2_0_ssp370"
