"","diff_of_means","ratio_of_sd","amplitude_ratio_of_means","maximum_error","ks_mean_on_coarse_res_with_extremes","qqplot_mae","acf_mae","extremogram_mae"
"cnn",32.468374963836,0.645843921309141,0.657209484737535,0.161138161898965,0.0740151916622505,1.2836764164415,0.0431501788508268,0.0524057002439932
"xgboost",35.8956589934792,0.543116895193471,0.370564509716603,0.277997565429093,0.35650161491315,1.4198571830704,0.124762340930837,0.0271515248535546
"naive",36.3717513091549,0.606626778267327,0.524706482577656,0.227328058429702,0.221453287197231,1.43800111438412,0.0839970663988098,0.0267592983939138
"lstm",38.4957400687704,0.673840111502239,0.623581069936433,0.216676810712112,0.0892068539127363,1.52197557514918,0.0474197430762404,0.0358534752471042
