"","diff_of_means","ratio_of_sd","amplitude_ratio_of_means","maximum_error","ks_mean_on_coarse_res_with_extremes","qqplot_mae","acf_mae","extremogram_mae"
"cnn",0.000164168371910105,1.14073298543622,0.81506324807519,0.439896530736458,0.412517441819699,0.764533518100377,0.146187565683065,0.0763771484925331
"naive",-0.165220012480256,1.15467226675859,0.962817495320079,0.108034083992696,0.2756818310417,0.878251646066196,0.0854053698575446,0.0533424908424908
"xgboost",-0.197621886688544,1.09948301082726,0.90066287197115,0.215003043213634,0.297004141825003,0.723703861422705,0.105544910147082,0.0198999718230487
"lstm",-0.2664888179059,1.09051332732481,0.798946172737387,0.316342057212416,0.373401378525099,0.778476388828876,0.126904008613825,0.021546562411947
